PDBID,CHAIN,Wild,PDB Pos,SEQ Position,,Wild,Mutant,EXP_DDG,INPS-Seq_dir,DDGun_dir,SAAFEC-SEQ_dir,I-Mutant3.0-Seq_dir,THPLM_dir,INPS-Seq_inv,DDGun_inv,SAAFEC-SEQ_inv,I-Mutant3.0-Seq_inv,THPLM_inv,MUpro_dir,MUpro_inv,Fold1_dir,Fold2_dir,Fold3_dir,Fold4_dir,Fold5_dir,Fold1_inv,Fold2_inv,Fold3_inv,Fold4_inv,Fold5_inv,THPLME_dir,THPLME_inv
1EKG,A,D,104,21,,D,G,0.4,-0.821,-1,-0.75,-0.61,-0.81636363,0.916,1,-0.5,-0.91,0.64758575,-0.85502787,-0.58589237,-1.001489162,-0.120601147,0.026922135,-0.18863444,-0.298948586,0.989835262,0.020451337,-0.052709393,0.392828584,0.483185709,-0.31655002,0.36671823
1EKG,A,A,107,24,,A,V,0,0.355,1,-0.45,0,0.49238762,-0.397,-0.9,-0.82,-1.22,-0.53828925,-0.20824581,-1.4251387,0.173358813,-0.069112718,-0.044228777,0.040962175,-0.130065858,-0.073386595,0.158043474,0.0856231,0.088352129,0.314909101,-0.005817336,0.114708185
1EKG,A,F,109,26,,F,L,-2.8,-1.166,0.3,-1.15,-1.01,-0.35563317,0.815,0.2,-1.07,-1,0.28352407,-1.1292413,-1.7853436,-0.435190767,-0.299753726,0.525217831,-0.153759465,0.054274589,0.490063012,0.324586898,-0.238645226,0.310081571,0.082897678,-0.061842203,0.1937968
1EKG,A,Y,123,40,,Y,S,-5.1,-1.819,-2.4,-1.72,-1.61,-1.8760331,1.617,2.3,-1.19,-0.25,1.8050356,-1.7940177,-0.90552122,-1.55594337,-1.358623028,0.416600257,-0.652897358,-0.685488224,1.767272353,1.314019203,-0.336684197,0.606161356,0.795596123,-0.76727027,0.82927287
1EKG,A,S,161,78,,S,I,-3.1,-0.776,-1,-0.31,0.44,-0.3057988,0.746,0.8,-0.69,-2.34,0.29837993,0.045748313,-1.8204808,-0.643776834,-0.313309729,-0.622634053,-0.534690917,-0.771649957,0.62468493,0.303675532,0.653989136,0.53283751,0.790399373,-0.57721233,0.58111703
1EKG,A,W,173,90,,W,C,-9.5,-1.537,-6.8,-1.32,-1.81,-1.2389235,1.536,6.7,-1.44,-0.28,1.271228,-0.82249414,-0.86094925,-1.646498561,-1.219726324,-2.241340876,-1.238912582,-1.134371519,1.574953198,1.21186924,2.375690222,1.36585629,1.116992474,-1.49617,1.5290725
1EKG,A,S,181,98,,S,F,-3,-0.492,0.1,-0.87,0.3,-0.50460756,0.234,-0.1,-1.24,-1.7,0.5426987,0.2303654,-0.78434513,-1.490070224,-1.102334976,-2.819583178,-1.352320075,-1.643216729,1.422278643,1.106833458,2.550035238,1.607581496,1.807954311,-1.6815052,1.6989368
1EKG,A,S,202,119,,S,F,-0.2,0.944,1.1,-0.25,0.35,0.4708948,-0.905,-0.4,-0.96,-1.57,-0.49465108,-0.054769279,-1.4273421,-0.203370154,0.201287583,-0.375355154,0.32319206,0.282846153,0.320476115,-0.245949328,0.364069939,-0.235410079,0.050304055,0.045719944,0.05069822
